seed,dedup,alias_pct,cycles,attempted,accepted,reads,completions,fanout_writes,pending_returns,error
540054,0,0,2500,2434,316,945,314,942,3,1
540054,1,0,2500,2434,316,945,314,942,3,1
540054,0,25,2500,2434,316,945,314,942,3,1
540054,1,25,2500,2420,332,815,330,991,2,1
540054,0,50,2500,2434,316,945,314,942,3,1
540054,1,50,2500,2407,367,730,365,1097,3,1
540054,0,100,2500,2434,316,945,314,942,3,1
540054,1,100,2500,2396,466,466,465,1395,1,1
540055,0,0,2500,2439,315,945,314,944,1,1
540055,1,0,2500,2439,315,945,314,944,1,1
540055,0,25,2500,2439,315,945,314,944,1,1
540055,1,25,2500,2446,332,834,330,993,3,1
540055,0,50,2500,2439,315,945,314,944,1,1
540055,1,50,2500,2425,362,719,361,1083,1,1
540055,0,100,2500,2439,315,945,314,944,1,1
540055,1,100,2500,2400,461,461,459,1377,2,1
540056,0,0,2500,2431,310,930,308,925,5,1
540056,1,0,2500,2431,310,930,308,925,5,1
540056,0,25,2500,2431,310,930,308,925,5,1
540056,1,25,2500,2418,332,837,330,990,5,1
540056,0,50,2500,2431,310,930,308,925,5,1
540056,1,50,2500,2422,364,741,363,1090,2,1
540056,0,100,2500,2431,310,930,308,925,5,1
540056,1,100,2500,2389,456,456,454,1362,2,1
